AppID,Name,Discount,Price,Rating,Release,Ends,Started
1507190,Machinika: Museum,1.0,0.0,88.19,2021-03,5,-9
289130,ENDLESS‚Ñ¢ Legend,1.0,0.0,82.23,2014-09,1,-6
1586800,Lil Gator Game,0.5,29.99,95.0,2022-12,9,-5
1250,Killing Floor,0.9,3.49,93.36,2009-05,1,-6
874260,The Forgotten City,0.65,25.89,93.25,2021-07,5,-9
757480,Broken Reality,0.85,4.34,88.73,2018-11,1,-6
1723260,CaseCracker,0.5,10.34,88.62,2022-12,11,-3
1232570,Paper Beast,0.75,11.49,88.01,2020-07,5,-9
1710170,Blade of Darkness,0.6,11.59,87.89,2021-10,7,-7
232090,Killing Floor 2,0.95,2.79,86.53,2016-11,1,-6
1603640,The House of Da Vinci 3,0.5,29.99,86.06,2022-12,3,-4
970830,The Dungeon Of Naheulbeuk: The Amulet Of Chaos,0.7,21.89,85.01,2020-09,5,-9
1413480,Shin Megami Tensei III Nocturne HD Remaster,0.8,49.9,84.67,2021-05,7,0
1170080,Foretales,0.5,22.99,82.14,2022-09,5,-9
895620,Spellcaster University,0.6,18.99,80.33,2021-06,8,-2
1337010,Alba: A Wildlife Adventure,0.75,13.12,94.22,2020-12,5,-9
1599020,Tinykin,0.6,29.59,93.57,2022-08,5,-2
349040,NARUTO SHIPPUDEN: Ultimate Ninja STORM 4,0.8,15.5,89.71,2016-02,5,-2
1203710,UnMetal,0.7,16.5,89.45,2021-09,5,-2
1367590,Tormented Souls,0.7,17.99,89.23,2021-08,14,0
2060130,Return to Monkey Island,0.5,36.99,89.23,2022-09,1,-13
1672970,Minecraft Dungeons,0.5,37.47,88.87,2021-09,7,-7
1085220,Figment 2: Creed Valley,0.84,17.34,88.79,2023-03,14,0
1518770,Re: LieF ~ Shin'ainaru Anata e~,0.58,27.71,88.46,2021-02,4,-4
1433340,Happy's Humble Burger Farm,0.75,14.99,88.38,2021-12,5,-2
812140,Assassin's Creed¬Æ Odyssey,0.85,26.99,88.13,2018-10,4,-7
1475840,Rhythm Sprout: Sick Beats & Bad Sweets,0.75,11.74,87.87,2023-02,5,-2
1296840,The Spike,0.85,2.54,87.39,2020-06,5,-2
390720,Anarcute,0.8,7.19,86.56,2016-07,5,-9
398030,Old School Musical,0.75,7.99,86.21,2018-09,5,-9
689910,Another Lost Phone: Laura's Story,0.72,2.23,85.84,2017-09,5,-9
523210,A Normal Lost Phone,0.72,2.23,85.33,2017-01,5,-9
1331210,Wolfstride,0.7,14.09,84.9,2021-12,12,-2
1494470,BUSTAFELLOWS,0.75,26.99,84.33,2021-07,14,0
1184480,Inertial Drift,0.9,5.99,83.88,2020-09,14,0
21980,Call of Juarez: Bound in Blood,0.9,1.99,83.38,2009-06,9,0
1859360,Dungeon Village,0.63,6.87,82.7,2022-03,3,-11
2532050,Vampires' Melody 2,0.5,6.89,82.54,2023-09,2,-12
1949030,Sherlock Holmes The Awakened,0.65,54.25,81.86,2023-04,5,-2
1091500,Cyberpunk 2077,0.5,99.95,81.53,2020-12,4,-6
1092790,Inscryption,0.5,24.99,95.55,2021-10,1,-13
270880,American Truck Simulator,0.0,15.49,95.51,2016-02,8,-6
8930,Sid Meier's Civilization¬Æ V,0.75,11.24,94.98,2010-09,5,-9
597170,Clone Drone in the Danger Zone,0.55,17.09,94.7,2021-07,13,-1
1927720,Monument Valley: Panoramic Edition,0.5,8.29,94.41,2022-07,12,-2
1377360,Vampires' Melody,0.8,2.75,94.1,2020-10,2,-12
1102190,Monster Train,0.0,14.79,93.8,2020-05,6,-1
892970,Valheim,0.5,18.99,93.8,2021-02,6,-8
557340,My Friend Pedro,0.75,14.99,93.64,2019-06,1,-6
1069230,ÊúàÂΩ±È≠ÖÂÉè-Ëß£Êîæ‰πãÁæΩ-,0.65,23.09,93.52,2019-07,4,-4
1140270,Monster Prom 2: Monster Camp,0.66,8.46,93.4,2020-10,1,-13
204450,Call of Juarez: Gunslinger,0.0,4.99,93.19,2013-05,9,0
236450,PAC-MAN‚Ñ¢ Championship Edition DX+,0.75,4.24,92.47,2013-09,6,-1
1046030,ISLANDERS,0.0,5.94,92.35,2019-04,4,-10
1848450,Nightmare of Decay,0.5,5.44,92.29,2022-05,5,-2
255710,Cities: Skylines,0.0,32.39,92.25,2015-03,1,-13
207140,SpeedRunners,0.0,9.39,92.04,2016-04,5,-2
398850,Epistory - Typing Chronicles,0.0,12.89,91.66,2016-03,5,-9
470310,TROUBLESHOOTER: Abandoned Children,0.0,25.15,91.51,2020-04,6,-1
1147550,Not For Broadcast,0.0,22.19,91.48,2022-01,5,-2
2306590,Apewar,0.6,2.79,91.18,2023-03,14,0
200710,Torchlight II,0.8,6.99,91.16,2012-09,5,-9
894020,Death's Door,0.75,14.99,91.15,2021-07,1,-6
397950,Clustertruck,0.0,9.39,91.02,2016-09,5,-2
764790,The Messenger,0.8,11.99,90.99,2018-08,1,-6
1338580,McPixel 3,0.8,6.59,90.91,2022-11,1,-6
1173010,Flowers Blooming at the End of Summer,0.5,1.74,90.25,2021-02,5,-2
42960,Victoria II,0.0,17.99,90.2,2010-08,1,-13
1158310,Crusader Kings III,0.0,71.99,90.19,2020-09,1,-13
1210320,Potion Craft: Alchemist Simulator,0.0,26.99,90.18,2022-12,5,-2
394360,Hearts of Iron IV,0.0,53.99,90.14,2016-06,1,-13
1347780,Freedom Fighters,0.8,5.79,90.03,2003-09,-2,0
1089090,ONE PIECE: PIRATE WARRIORS 4,0.0,38.72,89.76,2020-03,5,-2
505230,Pathologic 2,0.0,20.39,89.37,2019-05,5,-2
1927740,Monument Valley 2: Panoramic Edition,0.5,8.29,89.3,2022-07,12,-2
3900,Sid Meier's Civilization¬Æ IV,0.85,4.49,89.14,2005-10,5,-9
1637320,Dome Keeper,0.6,21.99,88.99,2022-09,12,-2
1859470,PAC-MAN WORLD Re-PAC,0.75,32.47,88.53,2022-08,6,-1
25830,Knights of Honor,0.0,8.99,88.46,2005-05,1,-13
332200,Axiom Verge,0.75,9.24,88.4,2015-05,5,-2
41500,Torchlight,0.8,4.99,88.29,2009-10,5,-9
233450,Prison Architect,0.0,21.59,88.19,2015-10,1,-13
1465360,SnowRunner,0.5,49.95,87.79,2021-05,13,0
95400,ibb & obb,0.8,4.79,87.66,2014-05,5,-2
446840,Splasher,0.0,8.27,87.53,2017-02,5,-9
20900,The Witcher: Enhanced Edition Director's Cut,0.85,2.54,87.52,2008-09,4,-6
234670,NARUTO SHIPPUDEN: Ultimate Ninja STORM 3 Full Burst HD,0.75,19.97,87.5,2013-10,5,-2
1371720,Card Shark,0.5,29.99,87.48,2022-06,1,-13
356570,Party Hard,0.0,6.59,87.42,2015-08,5,-2
1098280,Mago,0.55,13.04,87.41,2022-06,5,-2
1236720,Spirit Island,0.0,29.59,87.34,2020-07,10,0
864060,Marble It Up! Ultra,0.0,35.59,87.3,2018-11,9,-5
305380,Blue Estate The Game,0.0,9.09,87.18,2015-04,5,-9
252130,Divide By Sheep,0.0,3.39,87.08,2015-07,5,-2
300550,Shadowrun: Dragonfall - Director's Cut,0.0,13.49,86.84,2014-09,1,-13
25990,Majesty Gold HD,0.0,8.99,86.83,2001-03,1,-13
973760,Thronebreaker: The Witcher Tales,0.75,13.99,86.66,2018-11,4,-6
1016180,Terror of Hemasaurus,0.5,13.44,86.33,2022-10,5,-2
234650,Shadowrun Returns,0.0,13.49,86.28,2013-07,1,-13
236850,Europa Universalis IV,0.0,43.19,86.05,2013-08,1,-13
1183260,TrymenT ‚ÄïÁåÆÁªôÊ∏¥ÊúõÊîπÂèòÁöÑ‰Ω†‚Äï AlphAÁØá,0.67,29.03,85.89,2020-02,4,-4
543870,NARUTO SHIPPUDEN: Ultimate Ninja STORM 2,0.75,19.97,85.69,2017-08,5,-2
73170,Darkest Hour: A Hearts of Iron Game,0.0,7.19,85.67,2011-04,1,-13
404680,Hob,0.8,7.39,85.66,2017-09,5,-9
42910,Magicka,0.0,8.99,85.48,2011-01,1,-13
582160,Assassin's Creed¬Æ Origins,0.85,26.99,85.29,2017-10,4,-7
846110,The friends of Ringo Ishikawa,0.61,11.3,85.27,2018-05,5,-2
301640,Zombie Army Trilogy,0.9,8.19,85.02,2015-03,13,-1
599140,Graveyard Keeper,0.0,11.99,84.88,2018-08,5,-2
859570,Secret Neighbor: Hello Neighbor Multiplayer,0.0,11.99,84.82,2019-10,5,-2
362960,Tyranny,0.0,26.99,84.73,2016-11,1,-13
435530,The Final Station,0.0,9.39,84.57,2016-08,5,-2
790740,Tick Tock: A Tale for Two,0.0,7.6,84.25,2019-03,2,-5
1037020,ScourgeBringer,0.75,9.99,84.24,2020-10,5,-9
584980,Late Shift,0.0,13.62,84.08,2017-04,14,0
39540,SpellForce - Platinum Edition,0.0,3.39,83.87,2009-11,10,-4
489140,Mr. Shifty,0.0,9.39,83.86,2017-04,5,-2
310060,Knights of Pen and Paper 2,0.0,7.24,83.78,2015-10,1,-13
346940,Shadowrun: Hong Kong - Extended Edition,0.0,17.99,83.77,2015-08,1,-13
1154040,SpellForce 3 Fallen God,0.8,7.59,83.62,2020-11,10,-4
61520,Age of Wonders Shadow Magic,0.0,8.99,83.21,,1,-13
464920,Surviving Mars,0.0,26.99,83.15,2018-03,1,-13
1353270,Five Dates,0.0,15.5,83.07,2020-11,14,0
42890,Sword of the Stars: Complete Collection,0.0,8.99,82.85,2008-10,1,-13
203630,Warlock - Master of the Arcane,0.0,22.49,82.82,2012-05,1,-13
861650,Session: Skate Sim,0.0,22.64,82.64,2022-09,5,-2
672630,Academia : School Simulator,0.0,35.99,82.2,2017-09,1,-13
423580,Project Highrise,0.0,9.59,81.97,2016-09,4,-3
637090,BATTLETECH,0.0,35.99,81.95,2018-04,1,-13
393430,Ice Lakes,0.0,13.49,81.8,2016-04,1,-13
234390,Teleglitch: Die More Edition,0.0,11.74,81.79,2013-07,1,-13
22130,Hearts of Iron 2 Complete,0.0,13.49,81.41,2006-01,1,-13
1157390,King Arthur: Knight's Tale,0.6,48.79,81.31,2022-04,1,-13
817540,SpellForce 3 Soul Harvest,0.8,7.59,81.26,2019-05,10,-4
238370,Magicka 2,0.0,13.49,80.65,2015-05,1,-13
268240,Mechanic Escape,0.8,2.49,80.64,2014-04,5,-9
233720,Surgeon Simulator,0.0,6.59,80.6,2013-04,5,-2
1385380,Across the Obelisk,0.0,35.99,80.59,2021-04,1,-13
521890,Hello Neighbor,0.0,17.79,80.42,2017-12,5,-2
384500,Zombie Party,0.8,4.13,80.37,2016-06,5,-9
25800,Europa Universalis III Complete,0.0,16.19,80.2,2007-01,1,-13
960420,Hello Neighbor: Hide and Seek,0.0,17.79,79.98,2019-12,5,-2
231740,Knights of Pen and Paper +1 Edition,0.0,8.99,79.95,2013-06,1,-13
1175460,Revita,0.5,19.99,79.64,,5,-9
1143810,Black Skylands,0.0,23.99,79.24,2023-08,5,-2
394310,Punch Club,0.0,6.59,78.92,2016-01,5,-2
226840,Age of Wonders III,0.0,26.99,78.63,2014-03,1,-13
1731070,Asterigos: Curse of the Stars,0.6,47.6,78.62,2022-10,5,-2
718850,Age of Wonders: Planetfall,0.0,36.71,78.05,2019-08,1,-13
259600,Finding Teddy,0.8,2.79,77.73,2013-12,5,-9
537340,Guts and Glory,0.0,9.39,76.9,2018-07,5,-2
1321680,Hello Neighbor 2,0.5,53.99,76.52,2022-12,5,-2
1214470,Hotel Renovator,0.5,44.95,76.35,2023-03,2,-5
1271700,HOT WHEELS UNLEASHED‚Ñ¢,0.0,29.92,76.34,2021-09,10,-4
368730,No Time To Explain Remastered,0.0,9.39,76.22,2015-07,5,-2
1608450,Hellslave,0.75,11.49,76.06,2022-05,5,-9
327890,I Am Bread,0.0,8.39,75.81,2015-04,5,-2
1107790,The Complex,0.0,13.15,75.11,2020-03,14,0
25890,Hearts of Iron III,0.0,8.99,75.09,2009-08,1,-13
61500,Age of Wonders,0.0,5.49,74.98,,1,-13
944920,Nanotale - Typing Chronicles,0.6,18.39,74.98,2021-03,5,-9
311290,SpellForce 3 Reforced,0.8,15.09,74.61,2017-12,10,-4
898650,The Shapeshifting Detective,0.82,8.45,74.25,2018-11,14,0
73010,Cities in Motion,0.0,35.99,73.51,2011-02,1,-13
1279630,Vampire: The Masquerade - Shadows of New York,0.8,5.37,73.3,2020-09,5,-9
572410,Steel Division: Normandy 44,0.0,24.47,72.76,2017-05,1,-13
400450,NeuroVoider,0.0,8.49,72.57,2016-08,5,-9
283230,Spoiler Alert,0.0,2.09,72.52,2014-06,5,-2
39550,SpellForce 2 - Anniversary Edition,0.0,4.99,72.51,2009-10,10,-4
1563180,Internet Cafe Simulator 2,0.0,23.99,72.27,2022-01,4,-10
282100,Fearless Fantasy,0.0,4.7,72.15,2014-05,5,-2
628670,Hellpoint,0.0,25.49,71.54,2020-07,5,-2
1096410,Vampire: The Masquerade - Coteries of New York,0.9,3.79,70.8,2019-12,5,-9
684450,Surviving the Aftermath,0.0,32.39,69.37,2021-11,1,-13
366220,Wurm Unlimited,0.75,27.49,69.31,2015-10,5,-9
351340,Belladonna,0.0,3.62,69.16,2015-02,5,-9
1490840,Bloodshore,0.87,6.1,68.07,2021-11,14,0
481110,The Bunker,0.0,7.04,67.77,2016-09,14,0
25980,Majesty 2,0.0,8.99,67.49,2009-09,1,-13
205990,Warlock 2: The Exiled,0.0,17.99,67.18,2014-04,1,-13
24400,King Arthur - The Role-playing Wargame,0.0,8.99,66.84,2009-11,1,-13
774791,Surgeon Simulator 2,0.8,11.99,66.33,2021-09,5,-2
1498140,Cafe Owner Simulator,0.6,23.19,65.92,2022-12,11,-2
1419160,Souldiers,0.65,16.09,65.61,2022-06,5,-9
354160,WRC 5 FIA World Rally Championship,0.9,2.06,65.45,2015-10,5,-9
529340,Victoria 3,0.76,43.19,65.08,2022-10,1,-13
1628130,Who Pressed Mute on Uncle Marcus?,0.8,9.39,64.28,2022-03,14,0
878580,GARAGE: Bad Trip,0.0,9.39,64.2,2018-07,5,-2
384490,NECROPOLIS: BRUTAL EDITION,0.0,26.99,63.76,,1,-13
200370,A Game of Dwarves,0.0,8.99,61.53,2012-10,1,-13
1346830,I Saw Black Clouds,0.83,7.98,61.27,2021-03,14,0
227300,Euro Truck Simulator 2,0.0,15.49,96.61,2012-10,8,-6
646570,Slay the Spire,0.0,25.49,96.54,2019-01,7,-7
508440,Totally Accurate Battle Simulator,0.0,20.39,96.45,2021-04,14,0
960090,Bloons TD 6,0.0,9.76,96.3,2018-12,2,-5
219150,Hotline Miami,0.0,6.59,95.77,2012-10,1,-6
292030,The Witcher¬Æ 3: Wild Hunt,0.0,32.49,95.34,2015-05,4,-6
274190,Broforce,0.0,9.39,95.26,2015-10,1,-6
304430,INSIDE,0.0,7.4,95.09,2016-07,4,-3
1093910,Tales of the Black Forest,0.0,4.13,95.06,2019-09,2,-12
40970,Stronghold Crusader HD,0.0,5.09,95.06,2002-07,1,-6
683320,GRIS,0.0,9.39,94.94,2018-12,1,-13
35140,Batman: Arkham Asylum Game of the Year Edition,0.0,17.99,94.64,2010-03,12,-2
644560,Mirror,0.0,2.79,94.56,2018-04,2,-12
200260,Batman: Arkham City - Game of the Year Edition,0.0,17.99,94.37,2012-09,12,-2
311690,Enter the Gungeon,0.0,14.09,94.24,2016-04,1,-9
282140,SOMA,0.0,8.89,94.06,2015-09,5,-2
844930,Fox Hime Zero,0.0,2.09,93.86,2018-05,2,-12
512900,Streets of Rogue,0.0,14.99,93.81,2019-07,5,-9
2990,FlatOut 2‚Ñ¢,0.0,13.99,93.69,2006-08,1,-13
1318690,shapez,0.0,10.83,93.66,2020-06,5,-9
360740,Downwell,0.0,3.46,93.65,2015-10,1,-9
1291340,Townscaper,0.0,8.19,93.57,2021-08,12,-2
257510,The Talos Principle,0.0,13.34,93.46,2014-12,8,-6
102600,Orcs Must Die!,0.0,5.17,93.14,2011-10,5,-7
1239690,Retrowave,0.0,5.24,93.11,2022-05,7,-7
1557740,ROUNDS,0.0,8.99,93.05,2021-04,7,-7
1038740,Fluffy Store,0.0,2.09,92.86,2019-08,2,-12
1049280,Pilgrims,0.0,5.99,92.85,2019-10,5,-2
40800,Super Meat Boy,0.0,6.24,92.7,2010-11,5,-2
572890,Pikuniku,0.0,8.39,92.62,2019-01,1,-6
274520,Darkwood,0.0,11.74,92.41,2017-08,5,-2
674940,Stick Fight: The Game,0.0,6.0,92.38,2017-09,7,-7
2181930,DR LIVESEY ROM AND DEATH EDITION,0.0,1.74,92.38,2023-02,7,-7
207690,Botanicula,0.0,7.99,92.34,2012-05,5,-2
953490,CARRION,0.0,17.99,92.32,2020-07,1,-6
6910,Deus Ex: Game of the Year Edition,0.0,4.05,92.31,2000-06,5,0
274170,Hotline Miami 2: Wrong Number,0.0,7.04,92.31,2015-03,1,-6
430960,Lucy -The Eternity She Wished For-,0.0,13.19,92.07,2016-02,5,-2
752590,A Plague Tale: Innocence,0.0,91.16,91.89,2019-05,13,0
1119980,In Sound Mind,0.0,7.25,91.81,2021-09,5,-2
12150,Max Payne 2: The Fall of Max Payne,0.0,5.24,91.8,2003-10,5,-9
1147560,Skul: The Hero Slayer,0.0,29.99,91.63,2021-01,8,-6
589780,The Red Strings Club,0.0,11.74,91.57,2018-01,1,-13
634160,Cattails | Become a Cat!,0.0,7.24,91.47,2017-12,5,-2
1054490,Wingspan,0.0,29.99,91.47,2020-09,5,-9
223850,3DMark,0.0,25.5,91.33,,6,-1
1282730,Loop Hero,0.0,15.5,91.31,2021-03,1,-9
48000,LIMBO,0.0,3.7,91.3,2011-08,4,-3
916730,Gato Roboto,0.0,6.62,91.18,2019-05,1,-6
578620,GORN,0.0,29.99,91.16,2019-07,1,-6
201790,Orcs Must Die! 2,0.0,7.24,91.06,2012-07,5,-7
241930,Middle-earth‚Ñ¢: Shadow of Mordor‚Ñ¢,0.0,17.99,90.97,2014-09,12,-2
598550,HUNTDOWN,0.0,11.99,90.94,2021-05,6,-8
1980530,Kiwi Clicker - Juiced Up,0.0,8.49,90.79,2022-07,5,-9
1179210,Kill It With Fire,0.0,10.49,90.76,2020-08,5,0
213330,LEGO¬Æ Batman‚Ñ¢ 2: DC Super Heroes,0.0,22.49,90.74,2012-06,12,-2
585420,Trailmakers,0.0,14.24,90.57,2019-09,12,-2
447150,APE OUT,0.0,11.74,90.54,2019-02,1,-6
253110,The Cat Lady,0.0,11.21,90.35,2012-12,5,-2
433550,DARQ: Complete Edition,0.0,17.09,90.31,2019-08,5,-2
282800,100% Orange Juice,0.0,5.87,90.29,2013-09,5,0
688420,Bad North: Jotunn Edition,0.0,9.39,90.24,2018-11,12,-2
1587560,100 hidden cats,0.0,1.74,90.23,2021-04,5,-2
238010,Deus Ex: Human Revolution - Director's Cut,0.0,10.01,90.17,2013-10,5,0
396650,ACE Academy,0.0,14.99,90.12,2016-08,5,-2
1262040,Super Mombo Quest,0.0,19.99,90.07,2021-11,5,-2
214770,Guacamelee! Gold Edition,0.0,11.74,90.06,2013-08,5,-2
346560,Hero of the Kingdom II,0.0,4.49,90.03,2015-02,5,-2
952290,Zueirama,0.0,9.3,89.84,2019-08,5,-2
1662480,Nuclear Blaze,0.0,16.49,89.84,2021-10,5,-2
278360,A Story About My Uncle,0.0,9.39,89.82,2014-05,6,-8
251130,Chroma Squad,0.0,7.24,89.79,2015-04,5,-2
564310,Serious Sam Fusion 2017 (beta),0.0,5.99,89.73,,1,-6
1335230,Sumire,0.0,3.07,89.67,2021-05,5,-2
256290,Child of Light,0.0,13.49,89.63,2014-04,9,-5
616250,Crystalline,0.0,14.99,89.57,2018-08,5,-2
275390,Guacamelee! Super Turbo Championship Edition,0.0,11.74,89.49,2014-08,5,-2
701160,Kingdom Two Crowns,0.0,14.99,89.33,2018-12,12,-2
322500,SUPERHOT,0.0,17.99,89.24,2016-02,14,0
1084020,TheoTown,0.0,7.96,89.24,2019-06,5,-2
656350,UnderMine,0.0,13.29,89.15,2020-08,5,-2
1182900,A Plague Tale: Requiem,0.0,91.16,89.15,2022-10,13,0
108710,Alan Wake,0.0,11.87,89.07,2012-02,5,-2
757320,Atomicrops,0.0,9.39,89.03,2020-09,12,-2
6220,FlatOut,0.0,13.99,89.03,2005-07,-13,0
274350,Dropsy,0.0,3.29,88.99,2015-09,1,-6
599610,Lost Words: Beyond the Page,0.0,11.59,88.99,2021-04,5,-2
15370,Heroes of Might & Magic V: Tribes of the East,0.0,7.49,88.97,2007-10,9,-5
631570,Whispers of a Machine,0.0,9.39,88.92,2019-04,12,-2
1724050,Furry Shades of Gay 2: A Shade Gayer,0.0,16.49,88.9,2021-12,8,-6
1221250,NORCO,0.0,18.79,88.78,2022-03,1,-13
2100,Dark Messiah of Might & Magic,0.0,7.49,88.67,2006-10,9,-5
422510,DEMON'S TILT,0.0,18.99,88.66,2019-12,5,-2
559330,A Fisherman's Tale,0.0,14.98,88.6,2019-01,12,-2
20920,The Witcher 2: Assassins of Kings Enhanced Edition,0.0,8.99,88.29,2011-05,4,-6
415420,Nyan Cat: Lost In Space,0.0,5.44,88.28,2015-12,9,-5
829110,LEGO¬Æ DC Super-Villains,0.0,26.99,88.24,2018-10,12,-2
437920,Tricky Towers,0.0,18.79,88.24,2016-08,14,0
455400,PAC-MAN 256,0.0,5.24,88.22,2016-06,6,-1
1229580,Disc Room,0.0,15.5,88.21,2020-10,1,-6
865040,Super Bit Blaster XL,0.0,2.34,88.18,2020-03,5,-2
476240,KNIGHTS,0.0,1.74,88.17,2016-05,14,0
1196630,Nexomon: Extinction,0.0,20.99,88.1,2020-08,14,0
982270,Dealer's Life,0.0,14.99,87.88,2019-01,4,-10
214510,LEGO¬Æ The Lord of the Rings‚Ñ¢,0.0,22.49,87.82,2012-11,12,-2
38740,EDGE,0.0,1.81,87.76,2011-08,5,-2
210770,Sanctum 2,0.0,9.39,87.74,2013-05,6,-8
233150,LUFTRAUSERS,0.0,6.59,87.7,2014-03,1,-6
616110,SPACEPLAN,0.0,3.46,87.64,2017-05,1,-6
1354910,Tiny Lands,0.0,11.75,87.63,2021-01,5,-1
538070,Bad Dream: Coma,0.0,2.99,87.55,2017-03,5,-2
242050,Assassin‚Äôs Creed¬Æ IV Black Flag‚Ñ¢,0.0,35.99,87.53,,4,-7
241260,Sherlock Holmes: Crimes and Punishments,0.0,11.0,87.5,2014-09,5,-2
1144770,SLUDGE LIFE,0.0,9.39,87.47,2021-06,1,-6
905340,Heave Ho,0.0,13.19,87.47,2019-08,1,-6
1679320,100 hidden cats 2,0.0,1.79,87.43,2021-07,5,-2
601530,Darkarta: A Broken Heart's Quest Collector's Edition,0.0,8.27,87.43,2017-03,5,-2
1012630,Epido,0.0,3.49,87.43,2019-05,14,0
461620,Predynastic Egypt,0.0,8.24,87.41,2016-10,14,0
464060,RUINER,0.0,11.99,87.4,2017-09,1,-6
209000,Batman‚Ñ¢: Arkham Origins,0.0,17.99,87.37,2013-10,12,-2
598700,The Vagrant,0.0,2.75,87.34,2018-07,2,-12
910630,Arcade Spirits,0.0,14.99,87.34,2019-02,14,0
534550,Guacamelee! 2,0.0,14.99,87.34,2018-08,5,-2
296870,Dreaming Sarah,0.0,1.79,87.23,2015-03,5,-2
407330,Sakura Dungeon,0.0,18.49,87.2,2016-06,5,-2
465100,LUNA The Shadow Dust,0.0,40.48,87.16,2020-02,1,-13
356190,Middle-earth‚Ñ¢: Shadow of War‚Ñ¢,0.0,22.99,87.07,2017-10,12,-2
298600,Lovely Planet,0.0,5.12,86.94,2014-07,5,0
1609080,Summer of '58,0.0,5.01,86.88,2021-07,12,-2
313690,LEGO¬Æ Batman‚Ñ¢ 3: Beyond Gotham,0.0,22.49,86.81,2014-11,12,-2
21000,LEGO¬Æ Batman‚Ñ¢: The Videogame,0.0,22.49,86.65,2008-09,12,-2
550010,Happy Room,0.0,8.49,86.65,2016-12,5,-2
402330,Press X to Not Die,0.0,2.62,86.54,2017-10,5,-2
562410,Panty Party,0.0,6.79,86.35,2017-01,5,-2
271590,Grand Theft Auto V,0.0,38.63,86.33,2015-04,-9,0
1206060,Happy Game,0.0,13.66,86.31,2021-10,5,-2
208650,Batman‚Ñ¢: Arkham Knight,0.0,17.99,86.23,2015-06,12,-2
1750200,Sex and the Furry Titty 2: Sins of the City,0.0,16.49,86.12,2022-09,8,-6
1244460,Jurassic World Evolution 2,0.0,32.99,86.1,2021-11,5,-6
1911390,Knightfall: A Daring Journey,0.0,8.99,85.98,2022-04,7,-7
1129220,"BEARS, VODKA, BALALAIKA! üêª",0.0,6.89,85.95,2019-11,5,-2
1042490,Call of the Sea,0.0,17.99,85.93,2020-12,12,-2
576770,Low Magic Age,0.0,18.79,85.93,2017-01,14,0
596590,Linked,0.0,2.34,85.92,2017-02,5,-2
1532770,Sex and the Furry Titty,0.0,9.4,85.87,2021-06,8,-6
91600,Sanctum,0.0,6.59,85.83,2011-04,6,-8
609490,Minit,0.0,6.59,85.72,2018-04,1,-6
1297330,Olija,0.0,14.09,85.68,2021-01,1,-6
357070,UBERMOSH,0.0,1.74,85.47,2015-08,7,-7
1040420,Dreamscaper,0.0,18.49,85.42,2021-08,14,0
12360,FlatOut: Ultimate Carnage Collector's Edition,0.0,13.99,85.3,2008-08,1,-13
38720,RUSH,0.0,2.88,85.27,2010-12,5,-2
227100,Sniper Elite: Nazi Zombie Army,0.0,7.04,85.22,2013-02,13,-1
260190,Marc Eck≈ç's Getting Up: Contents Under Pressure,0.0,4.69,85.19,2006-02,1,-6
474750,Reigns,0.0,3.46,85.06,2016-08,1,-6
96000,The Tiny Bang Story,0.0,3.39,84.83,2011-04,5,-2
204100,Max Payne 3,0.0,29.85,84.83,2012-06,5,-9
909820,Songbird Symphony,0.0,13.12,84.82,2019-07,14,0
211340,Magical Diary: Horse Hall,0.0,14.09,84.81,2012-05,5,-2
871930,GLADIABOTS - AI Combat Arena,0.0,14.09,84.74,2019-05,5,-2
611790,House Party,0.0,37.49,84.66,2022-07,5,-2
1062140,Garden Story,0.0,15.19,84.64,2021-08,5,-2
15170,Heroes of Might & Magic V,0.0,7.49,84.58,2006-05,9,-5
627270,Injustice‚Ñ¢ 2,0.0,27.99,84.54,2017-11,12,-2
792040,Detective Di: The Silk Rose Murders,0.0,6.9,84.51,2019-05,5,-2
1066260,Devolver Bootleg,0.0,5.09,84.5,2019-06,1,-6
1836160,PANELKI,0.0,3.39,84.47,2022-03,5,-9
1402110,Eternights,0.5,54.95,84.46,2023-09,5,-2
1498740,Troublemaker,0.5,29.99,84.4,2023-03,14,0
558420,Stories Untold,0.0,6.59,84.37,2017-02,1,-6
370540,Gary Grigsby's War in the East,0.0,87.41,84.32,2010-12,5,-2
493540,Figment,0.0,7.39,84.31,2017-09,14,0
1659040,HITMAN World of Assassination,0.6,35.59,84.24,2022-01,5,-2
345430,The Cursed Forest,0.0,11.43,84.24,2019-02,5,-2
361300,Mother Russia Bleeds,0.0,9.39,84.19,2016-09,1,-6
2249160,September 7th,0.0,6.34,84.15,2023-01,12,-2
38700,Toki Tori,0.0,2.09,84.1,2010-01,5,-2
242700,Injustice: Gods Among Us Ultimate Edition,0.0,22.49,84.1,2013-11,12,-2
496300,Kingdom: New Lands,0.0,4.69,84.08,2016-08,12,-2
110800,L.A. Noire,0.0,29.85,84.05,2011-11,5,-9
1354830,Cat Cafe Manager,0.0,29.99,83.99,2022-04,14,0
880580,YORG.io,0.0,2.75,83.98,2019-05,5,-9
394160,ARCADE GAME SERIES: PAC-MAN,0.0,8.49,83.96,2016-04,6,-1
1218210,Coromon,0.0,23.99,83.84,2022-03,14,0
1089830,Monster Energy Supercross - The Official Videogame 3,0.0,18.67,83.83,2020-02,5,-2
1549690,SPRAWL,0.5,23.49,83.83,2023-08,5,-2
1649080,Two Point Campus,0.75,38.87,83.8,2022-08,5,-2
917840,Wintermoor Tactics Club,0.0,11.74,83.73,2020-05,5,-2
471810,Death Squared,0.0,4.05,83.71,2017-03,5,-2
609110,Blazing Chrome,0.0,16.06,83.69,2019-07,5,-2
485980,Syrian Warfare,0.0,7.8,83.66,2017-02,5,-2
779640,Â¶ÑÊÉ≥ÁóáÔºöDeliver Me,0.0,2.09,83.61,2018-08,2,-12
1553910,My Friend Stalin,0.0,1.74,83.61,2021-06,6,-8
1674890,üëë Idle Calibur üëëÔºàÈÄâÁéã‰πãÂâëÔºâ,0.0,13.24,83.57,2022-01,9,-5
757310,Sable,0.0,25.89,83.53,2021-09,1,-13
719750,PUSS!,0.0,7.99,83.48,2018-08,5,-2
303610,Suicide Guy,0.0,2.45,83.45,2017-07,5,-2
960980,Apsulov: End of Gods,0.0,11.99,83.45,2019-08,5,-2
218760,Mixcraft 8 Home Studio,0.75,18.87,83.45,2017-05,5,-2
617290,Remnant: From the Ashes,0.7,22.64,83.44,2019-08,5,-9
633230,NARUTO TO BORUTO: SHINOBI STRIKER,0.0,19.97,83.33,2018-08,5,-2
511740,Gal*Gun: Double Peace,0.0,22.24,83.28,2016-09,14,0
1522820,Orcs Must Die! 3,0.0,26.69,83.24,2021-07,5,-7
694280,Zombie Army 4: Dead War,0.0,20.24,83.22,2021-02,13,-1
500670,Tormentor‚ùåPunisher,0.0,13.24,83.18,2017-06,12,-2
297110,Cosmic DJ,0.0,3.46,83.16,2014-10,1,-6
12200,Bully: Scholarship Edition,0.0,13.99,83.1,2008-10,5,-9
274270,NOT A HERO,0.0,11.99,83.07,2016-07,1,-6
375200,Sakura Fantasy,0.0,5.99,83.03,2015-05,5,-2
235250,Super Sanctum TD,0.0,3.39,82.99,2013-05,6,-8
947600,Eroico,0.0,13.24,82.98,2017-05,5,-2
505640,Antihero,0.0,11.74,82.91,2017-07,5,-2
269330,Chronology,0.0,2.09,82.83,2014-05,14,0
1003520,Hentai Crush,0.0,2.79,82.81,2019-03,5,-2
1154840,Shadow Empire,0.0,53.99,82.81,2020-12,5,-2
13600,Prince of Persia¬Æ: The Sands of Time,0.8,5.99,82.8,2003-12,9,-5
590590,Remnants of Naezith,0.0,8.24,82.8,2018-02,5,-2
40720,Samorost 2,0.0,4.49,82.79,2009-12,5,-2
209230,Sherlock Holmes and The Hound of The Baskervilles,0.0,3.7,82.78,2010-11,5,-2
334310,Plebby Quest: The Crusades,0.0,11.99,82.78,2020-04,8,-6
1478650,Diggles: The Myth of Fenris,0.6,8.27,82.76,2020-12,7,-7
808080,Ultimate Racing 2D,0.0,3.49,82.73,2018-05,5,-2
646500,Egypt: Old Kingdom,0.0,11.74,82.7,2018-05,14,0
1399930,Furry Shades of Gay,0.0,9.4,82.68,2020-12,8,-6
740080,Deadly Days,0.9,2.48,82.65,2019-09,5,-9
488790,South Park‚Ñ¢: The Fractured But Whole‚Ñ¢,0.0,27.99,82.56,2017-10,4,-3
690040,SUPERHOT: MIND CONTROL DELETE,0.0,23.99,82.46,2020-07,14,0
1205960,My Cute Fuhrer,0.0,2.79,82.44,2020-04,5,-9
16810,Sid Meier's Civilization IV: Colonization,0.75,7.49,82.42,2008-09,5,-9
539720,Razortron 2000,0.0,1.74,82.39,2016-10,10,-4
1227280,Despot's Game: Dystopian Battle Simulator,0.6,15.19,82.37,2022-09,5,-9
543260,Wonder Boy: The Dragon's Trap,0.0,17.99,82.21,2017-06,5,-2
1298140,Fobia - St. Dinfna Hotel,0.0,20.29,82.19,2022-06,5,-2
1123770,Curse of the Dead Gods,0.0,26.21,82.17,2021-02,8,-6
1404210,Red Dead Online,0.0,55.99,82.13,2020-12,5,-9
312670,Strange Brigade,0.0,9.39,82.12,2018-08,13,-1
247910,Sniper Elite: Nazi Zombie Army 2,0.0,7.04,82.09,2013-10,13,-1
1092140,Exit From,0.0,5.09,82.07,2021-04,7,-7
272510,NARUTO SHIPPUDEN: Ultimate Ninja STORM Revolution,0.85,8.39,82.05,2014-09,5,-2
402180,Sakura Swim Club,0.0,9.99,81.89,2015-09,5,-2
335070,VRC PRO,0.0,40.99,81.85,2015-03,5,-2
392110,ENDLESS‚Ñ¢ Space 2,0.0,19.99,81.84,2017-05,1,-6
865680,The Eternal Cylinder,0.65,25.89,81.82,2022-10,1,-6
552450,Serious Sam VR: The First Encounter,0.9,5.99,81.71,2017-03,1,-6
1093330,Conscious Existence - A Journey Within,0.0,5.09,81.69,2019-06,5,-2
292410,Street Racing Syndicate,0.0,2.62,81.62,2005-01,5,-2
397060,Faeria,0.0,14.99,81.48,2017-03,5,-2
943980,The logic of the miniature garden,0.0,6.59,81.31,2019-06,2,-12
967250,DOKA 2 KISHKI EDITION,0.0,1.74,81.25,2018-11,7,-7
263400,War of the Human Tanks,0.0,16.49,81.17,2012-09,5,-6
1947070,Broken Edge,0.0,23.49,81.16,2022-11,5,-2
226620,Desktop Dungeons,0.0,12.49,81.15,2023-04,5,-9
851890,Gal*Gun 2,0.0,22.24,81.09,2018-07,14,0
505630,Let Them Come,0.0,6.62,81.07,2017-10,5,-2
465240,Serious Sam VR: The Last Hope,0.0,70.37,81.02,2017-09,-6,0
738520,Breathedge,0.0,73.58,80.95,2021-02,0,0
989440,Phantom Abyss,0.5,29.99,80.95,2024-01,1,-6
285500,Hard Truck Apocalypse / Ex Machina,0.0,24.29,80.94,2005-12,-2,0
1076160,Command: Modern Operations,0.0,131.12,80.91,2019-11,5,-2
1785150,Friends vs Friends,0.5,16.49,80.84,2023-05,12,-2
201420,Toki Tori 2+,0.0,2.79,80.82,2013-07,5,-2
1144440,UnderParty,0.0,11.75,80.8,2020-04,14,0
651670,Star Renegades,0.0,14.79,80.79,2020-09,12,-2
232010,Euro Truck Simulator,0.0,3.21,80.73,2008-08,8,-6
1607240,Mail Time,0.5,29.99,80.73,2023-04,14,0
668630,Tricolour Lovestory,0.0,2.09,80.69,2017-09,2,-12
711660,CHUCHEL,0.0,7.49,80.67,2018-03,5,-2
1218500,Galactic Mining Corp,0.0,13.44,80.65,2021-05,5,-2
12210,Grand Theft Auto IV: The Complete Edition,0.0,23.7,80.63,2020-03,5,-9
490390,Á•ûÊòéÁöÑ‰∏ÄÂ§©‰∏ñÁïå(God's One Day World),0.0,9.99,80.63,2016-07,5,-2
1307090,Barro Racing,0.0,1.74,80.5,2020-09,3,-11
1173200,Metal Unit,0.0,9.39,80.5,2021-01,8,-6
1556790,Isonzo,0.67,29.36,80.47,2022-09,9,-5
1117630,I got a cat maid,0.6,1.79,80.46,2019-08,2,-5
418620,The TakeOver,0.0,7.59,80.45,2019-11,5,-2
654260,ÊóßÊâãË°® - Old Watch,0.0,10.34,80.28,2017-12,5,-2
567670,Serious Sam 3 VR: BFE,0.0,13.34,80.24,2017-11,1,-6
421700,Sakura Santa,0.0,5.99,80.22,2015-12,5,-2
342380,Sakura Angels,0.0,5.99,80.22,2015-01,5,-2
278100,"RIVE: Wreck, Hack, Die, Retry!",0.9,2.79,80.19,2016-09,5,-2
460920,Steep‚Ñ¢,0.0,13.49,80.08,2016-12,9,-5
773580,Game Dev Studio,0.0,9.89,80.02,2018-03,5,-9
211260,They Bleed Pixels,0.0,8.24,80.01,2012-08,3,-11
747360,Gray Dawn,0.0,11.39,79.98,2018-06,5,-2
562500,Warstone TD,0.0,5.79,79.95,2018-05,7,-7
501840,Don't Disturb,0.0,3.44,79.88,2016-08,14,0
2073470,Kanjozoku Game „É¨„Éº„Çµ„Éº Online Street Racing & Drift,0.0,5.09,79.87,2022-07,5,-2
1814010,Stuck In Time,0.0,7.46,79.86,2021-12,5,-2
574980,Them's Fightin' Herds,0.0,15.19,79.85,2020-04,5,-2
717640,Reigns: Her Majesty,0.0,3.46,79.68,2017-12,1,-6
646910,The Crew‚Ñ¢ 2,0.0,35.99,79.65,2018-06,4,-3
249870,Scribblenauts Unmasked: A DC Comics Adventure,0.0,22.49,79.61,2013-09,12,-2
1266690,Dark Deception: Monsters & Mortals,0.8,2.17,79.58,2020-11,5,-2
409100,The Purring Quest,0.0,3.29,79.52,2015-11,5,-2
729660,Blackout Z: Slaughterhouse Edition,0.0,1.74,79.46,2017-10,10,-4
595440,CPU Invaders,0.0,1.74,79.44,2017-02,8,-6
576130,State of Anarchy: Master of Mayhem,0.0,2.39,79.26,2017-03,14,0
743640,Achievement Clicker,0.0,1.74,79.25,2017-11,5,-2
552440,The Talos Principle VR,0.0,26.69,79.2,2017-10,8,-6
676500,Time Warpers,0.0,18.99,79.08,2020-01,9,-5
1446850,Hentai Furry 2,0.0,1.74,79.03,2020-11,7,-7
365660,OlliOlli2: Welcome to Olliwood,0.0,9.39,78.88,2015-08,1,-6
285160,LEGO¬Æ The Hobbit‚Ñ¢,0.0,22.49,78.85,2014-04,12,-2
466130,White Day: A Labyrinth Named School,0.0,22.24,78.81,2017-08,14,0
427250,8-Bit Armies,0.0,23.49,78.78,2016-04,1,-13
380150,STASIS,0.0,13.24,78.7,2015-08,12,-2
333250,Forward to the Sky,0.0,9.0,78.68,2015-01,5,-2
1113680,Hentai Girl Division,0.0,2.79,78.62,2019-08,5,-2
208140,ENDLESS‚Ñ¢ Space - Definitive Edition,0.0,4.99,78.61,2012-07,1,-6
437570,GoNNER,0.0,4.94,78.54,2016-10,12,-2
308040,Back to Bed,0.0,2.39,78.48,2014-08,14,0
346810,Marble Age,0.0,5.12,78.45,2015-03,14,0
111600,Serious Sam Double D XXL,0.0,3.29,78.37,2011-08,1,-6
1150530,Wizard with a Gun,0.5,29.99,78.31,2023-10,1,-9
350970,Planet of the Eyes,0.0,3.29,78.3,2015-08,5,-2
1044450,Hentai Waifu,0.0,1.74,78.29,2019-03,10,-4
277490,Battle Group 2,0.0,6.39,78.2,2014-06,5,-2
302080,Bus Driver,0.0,3.21,78.18,2007-03,8,-6
1104330,Founders' Fortune,0.7,13.79,78.15,2020-12,5,-2
345090,Ancient Planet Tower Defense,0.0,5.77,78.15,2015-02,5,-2
325180,AppGameKit Classic: Easy Game Development,0.0,40.5,78.09,2014-11,-2,0
2024230,Project Lazarus,0.0,10.24,78.08,2023-06,5,-2
1171310,Valakas Story,0.0,1.74,78.08,2019-12,5,-2
1849000,SEX with HITLER,0.75,3.62,78.07,2022-01,12,-2
455980,Judgment: Apocalypse Survival Simulation,0.0,23.99,78.06,2018-05,1,-13
673260,Starblast,0.0,9.99,78.01,2017-11,5,-2
3020,Call of Juarez,0.9,2.99,77.99,2007-06,9,0
331600,One Piece Pirate Warriors 3,0.0,15.99,77.99,2015-08,5,-2
1202310,Sakura Succubus,0.0,6.2,77.96,2020-03,5,-2
350640,Sherlock Holmes: The Devil's Daughter,0.0,16.5,77.88,2016-06,5,-2
207020,Bang Bang Racing,0.0,3.39,77.84,2012-06,5,-2
266230,Last Dream,0.0,9.89,77.84,2014-03,5,-2
425220,One Piece Burning Blood,0.9,12.99,77.79,2016-09,5,-2
621830,WRC 7 FIA World Rally Championship,0.9,4.79,77.74,2017-09,5,-2
622720,Weedcraft Inc,0.0,14.99,77.7,2019-04,1,-6
534380,Dying Light 2 Stay Human: Reloaded Edition,0.0,129.47,77.56,2022-02,0,0
3010,Xpand Rally,0.0,1.86,77.51,2006-08,2,-12
258760,Scania Truck Driving Simulator,0.0,6.39,77.41,2012-06,8,-6
1164690,Wigmund,0.7,8.69,77.31,2022-03,5,-2
957790,War Dust VR: 32v32 Battlefields,0.6,18.99,77.3,2020-05,14,0
1075740,Banners of Ruin,0.7,11.39,77.16,2021-07,1,-6
297130,Titan Souls,0.0,4.69,77.14,2015-04,1,-6
1177660,Escape the Ayuwoki,0.0,17.89,77.08,2019-11,5,-2
599460,Weapon Shop Fantasy,0.0,10.34,77.05,2017-02,7,-7
415740,OmniBus,0.0,3.39,77.04,2016-05,1,-6
717610,A Case of Distrust,0.8,5.79,77.03,2018-02,5,-2
1137300,Sherlock Holmes Chapter One,0.8,33.8,76.95,2021-11,5,-2
898720,Kubifaktorium,0.5,18.99,76.9,2019-07,5,-2
888530,Yaga,0.0,18.49,76.82,2021-01,5,-2
953880,First Class Trouble,0.0,11.74,76.78,2021-11,5,-2
824190,Achievement Clicker 2019,0.0,1.74,76.78,2018-04,5,-2
326840,Heart&Slash,0.0,5.5,76.68,2016-08,5,-7
612390,Dandara: Trials of Fear Edition,0.0,9.39,76.65,2018-02,12,-2
1333470,Alex Kidd in Miracle World DX,0.0,16.24,76.63,2021-06,5,-2
267920,Gun Metal,0.0,2.62,76.6,2003-09,5,-2
769970,Bad Dream: Fever,0.0,28.78,76.55,2018-11,-2,0
1701520,Afterimage,0.0,36.99,76.53,2023-04,5,-2
205650,The Testament of Sherlock Holmes,0.0,7.5,76.51,2012-09,5,-2
377680,Sakura Beach,0.0,5.99,76.46,2015-08,5,-2
430070,Never Again,0.0,4.44,76.44,2019-05,5,-2
313740,Sakura Spirit,0.0,5.99,76.43,2014-07,5,-2
1100930,LEGIONCRAFT,0.0,13.94,76.42,2022-08,7,-7
906100,Observation,0.0,18.49,76.4,2020-05,1,-6
1286340,Daily Wife,0.0,5.09,76.33,2020-08,11,-2
11190,Sherlock Holmes versus Jack the Ripper,0.0,3.7,76.26,2009-12,5,-2
1639990,Dreams of Desire: Definitive Edition,0.0,22.24,76.25,2021-10,5,-2
1048100,Peekaboo,0.0,2.75,76.21,2019-08,11,-3
331690,Crossing Souls,0.0,9.39,76.17,2018-02,1,-6
895400,Deadside,0.0,23.99,76.17,2020-04,12,0
13530,Prince of Persia: The Two Thrones‚Ñ¢,0.8,5.99,76.07,2005-12,9,-5
359320,Elite Dangerous,0.7,17.99,76.05,2015-04,5,-6
1097350,Weird West: Definitive Edition,0.75,24.99,76.04,2022-03,1,-6
19980,Prince of Persia¬Æ,0.8,5.99,75.95,2008-12,9,-5
1133060,Anarchy: Wolf's law,0.0,11.81,75.95,2023-06,-11,0
418950,DreadOut: Keepers of The Dark,0.0,2.79,75.77,2016-03,2,-8
251230,Livelock,0.85,3.1,75.68,2016-08,5,-9
1529710,–°–∏–º—É–ª—è—Ç–æ—Ä –ü—Ä—ã–≥–∞–Ω–∏—è –ø–æ –ì–∞—Ä–∞–∂–∞–º,0.0,1.74,75.66,2022-12,7,-7
1973080,Incubus,0.6,14.31,75.63,2023-07,7,-3
434730,Half Dead,0.0,2.14,75.62,2016-08,5,-2
355130,MotoGP‚Ñ¢15,0.0,7.45,75.52,2015-06,5,-2
739650,Drake Hollow,0.0,29.99,75.37,2020-10,4,-6
946090,Hentai Neighbors,0.0,1.74,75.37,2018-10,5,-2
416590,Emily Wants To Play,0.0,4.24,75.36,2015-12,5,-2
805940,RUSSIA BATTLEGROUNDS,0.0,1.74,75.26,2018-07,14,0
1035930,Nyasha,0.0,1.74,75.25,2019-03,7,-7
755500,ONE PIECE World Seeker,0.0,37.48,75.12,2019-03,5,-2
939960,Far Cry¬Æ New Dawn,0.0,44.99,75.08,2019-02,9,-5
244910,Homesick,0.0,13.99,75.03,2015-05,5,-2
1583570,–°–ò–ú–£–õ–Ø–¢–û–† –û–î–ò–ù–û–ß–ï–°–¢–í–ê –í –†–£–°–°–ö–û–ô –î–ï–†–ï–í–ù–ï,0.0,2.09,74.99,2021-04,6,-8
257120,Not The Robots,0.0,8.24,74.96,2013-12,5,-9
1415660,TRADER LIFE SIMULATOR,0.0,23.02,74.88,2021-02,5,-2
223220,Giana Sisters: Twisted Dreams,0.0,5.59,74.87,2012-10,5,-2
274250,OlliOlli,0.0,8.39,74.83,2014-07,1,-6
1124660,STORM AREA 51: AYY LMAO EDITION,0.0,1.74,74.81,2019-09,7,-7
668550,8Doors: Arum's Afterlife Adventure,0.0,11.99,74.79,2021-04,8,-6
1220140,Cartel Tycoon,0.0,35.59,74.72,2022-07,5,-2
390710,Acceleration of SUGURI 2,0.0,14.99,74.65,2018-03,5,-6
897820,Reigns: Game of Thrones,0.0,4.55,74.59,2018-10,1,-6
337000,Deus Ex: Mankind Divided,0.0,18.74,74.54,2016-08,5,0
912570,BEAUTIFUL DESOLATION,0.0,14.27,74.54,2020-02,12,-2
269790,DreadOut,0.0,5.59,74.51,2014-05,2,-8
771350,Achievement Clicker 2018,0.0,1.74,74.4,2018-01,5,-2
499660,Medieval Kingdom Wars,0.0,17.99,74.33,2019-01,14,0
1196470,WE ARE FOOTBALL,0.66,22.43,74.33,2021-06,5,-2
1267540,WRC 9 FIA World Rally Championship,0.8,13.99,74.18,2021-09,5,-2
1172940,Cockwork Industries Complete,0.0,7.99,74.18,2019-11,11,-3
498660,Mind Spheres,0.0,1.74,74.1,2016-07,8,-6
1209490,Exit the Gungeon,0.0,13.19,74.1,2020-03,1,-6
896160,Evil Bank Manager,0.0,12.44,74.0,2018-12,5,-2
1367300,Blade Assault,0.8,6.99,73.98,2022-01,8,-6
943140,Sparklite,0.0,38.7,73.95,2019-11,-2,0
277590,Assassin's Creed Freedom Cry,0.0,17.99,73.9,2014-02,4,-3
864680,Rover Mechanic Simulator,0.0,36.71,73.76,2020-11,-2,0
495140,NARUTO: Ultimate Ninja STORM,0.75,19.97,73.59,2017-08,5,-2
1650010,RIDE 5,0.6,119.96,73.55,2023-08,5,-2
803050,Per Aspera,0.0,29.36,73.53,2020-12,12,-2
1020820,KumaKuma Manga Editor,0.0,4.09,73.51,2019-02,2,-12
303800,The Witcher Adventure Game,0.0,4.49,73.49,2014-11,4,-6
400180,Okhlos: Omega,0.0,8.39,73.46,2016-08,1,-9
253330,Neverending Nightmares,0.0,6.99,73.43,2014-09,5,-2
665360,Comedy Night,0.0,8.49,73.41,2017-08,5,-2
246760,Legends of Eisenwald,0.0,11.09,73.38,2015-07,5,-2
1065310,Evil West,0.65,62.96,73.3,2022-11,11,-3
1602080,Soulstice,0.0,30.19,73.28,2022-09,5,-2
914690,Hentai Shooter 3D,0.0,1.74,73.21,2018-09,14,0
718590,Dark Devotion,0.0,17.99,73.13,2019-04,5,-2
407980,Sakura Beach 2,0.0,5.99,72.99,2015-11,5,-2
299950,GET EVEN,0.85,8.39,72.92,2017-06,5,-2
234940,The 39 Steps,0.0,1.74,72.92,2013-04,5,-2
1598730,Shanhe,0.6,5.79,72.87,2023-07,7,-7
965310,The Settlers¬Æ : Rise of an Empire - History Edition,0.6,14.39,72.83,2019-01,9,-5
1608700,Soundfall,0.0,14.49,72.66,2022-05,5,-2
787400,Fantasy Versus,0.0,7.99,72.66,2018-05,5,-2
617830,SUPERHOT VR,0.0,23.99,72.59,2017-05,14,0
945710,DreadOut 2,0.0,18.99,72.52,2020-02,2,-8
297020,The Culling Of The Cows,0.0,2.37,72.43,2014-05,5,-2
403940,Dungelot: Shattered Lands,0.0,8.24,72.42,2016-02,5,-9
714080,BLACK CLOVER: QUARTET KNIGHTS,0.0,29.98,72.37,2018-09,5,-2
329830,The Moon Sliver,0.0,2.14,72.36,2014-10,5,-2
274310,Always Sometimes Monsters,0.0,3.29,72.29,2014-05,5,-2
629840,Caligo,0.0,1.74,71.81,2017-09,5,-2
750130,The Sinking City,0.0,37.25,71.8,2021-02,5,-2
23450,Grand Ages: Rome,0.0,19.5,71.7,2009-03,5,-2
680380,Night Call,0.0,9.39,71.56,2019-07,12,-2
286810,Hard Truck Apocalypse: Rise Of Clans / Ex Machina: Meridian 113,0.0,5.12,71.53,2006-12,5,-2
1152090,Elmarion: Dragon time,0.0,14.49,71.53,2020-03,6,-8
394870,Office Battle,0.0,1.74,71.52,2015-12,5,-9
568930,The Land of Pain,0.0,9.62,71.51,2017-09,3,-11
315210,Suicide Squad: Kill the Justice League,0.6,111.99,71.42,2024-02,12,-2
1070860,Serin Fate,0.7,11.39,71.19,2021-08,5,-2
245170,Skullgirls 2nd Encore,0.0,9.49,71.07,2013-08,5,-2
1004750,WRC 8 FIA World Rally Championship,0.9,6.99,71.04,2020-09,5,-2
416210,Block'hood,0.0,15.5,71.04,2017-05,1,-6
296910,8BitBoy‚Ñ¢,0.0,1.88,71.02,2014-05,5,-2
886900,Chef: A Restaurant Tycoon Game,0.75,9.49,70.96,2020-08,5,-2
298480,Victory At Sea,0.85,6.89,70.93,2014-08,7,-7
1374840,Dark Deity,0.0,18.49,70.91,2021-06,14,0
1101360,Rock of Ages 3: Make & Break,0.0,8.69,70.88,2020-07,5,-2
566190,The Search,0.0,4.13,70.86,2017-04,10,-4
473690,Absolver,0.0,17.79,70.77,2017-08,1,-6
24670,Trainz‚Ñ¢ Simulator 12,0.0,6.59,70.68,2011-06,5,-2
1016790,West of Dead,0.0,11.99,70.6,2020-06,12,-2
551860,Abandon Ship,0.0,22.19,70.6,2019-10,5,-2
202750,Alan Wake's American Nightmare,0.0,11.87,70.58,2012-05,5,-2
1215260,Efflorescence of Lust,0.0,4.29,70.57,2020-02,14,0
266310,GameGuru Classic,0.0,14.99,70.54,2015-05,5,-2
488730,God's Trigger,0.8,5.79,70.53,2019-04,2,-12
209630,Magrunner: Dark Pulse,0.0,7.5,70.34,2013-06,5,-2
1505620,Waifu Secret,0.0,1.75,70.26,2021-02,12,-2
335190,200% Mixed Juice!,0.0,11.75,70.16,2015-10,5,-6
585020,Big Bia,0.5,14.49,70.15,2022-06,7,-7
461730,Blaite,0.0,1.74,70.01,2017-01,7,-7
436500,Diaries of a Spaceport Janitor,0.0,16.49,69.91,2016-09,5,-2
748370,STAND OUT VR : VR Battle Royale,0.0,23.74,69.85,2019-05,14,0
11140,Sherlock Holmes: The Awakened (2008),0.0,3.7,69.72,2008-09,5,-2
289600,Marauder,0.0,8.24,69.49,2009-09,5,-2
365590,Tom Clancy‚Äôs The Division‚Ñ¢,0.0,13.49,69.33,2016-03,9,-5
410430,Morphine,0.0,3.14,69.32,2015-10,14,0
1462810,WRC 10 FIA World Rally Championship,0.75,27.49,69.16,2021-09,5,-2
575510,Sakura Agent,0.0,5.99,69.11,2017-01,5,-2
1007350,Mirror Maker,0.0,2.79,68.99,2019-01,2,-12
274290,Gods Will Be Watching,0.0,6.59,68.95,2014-07,1,-13
896440,Eternal Edge +,0.9,2.89,68.75,2022-05,8,-6
2221920,Immortals Fenyx Rising,0.0,28.49,68.62,2022-12,4,-3
11040,Sherlock Holmes - Nemesis,0.0,3.7,68.54,2008-04,5,-2
699670,Feudal Alloy,0.9,3.29,68.49,2019-01,9,-5
1370050,Trek to Yomi,0.6,23.99,68.46,2022-05,1,-6
2208920,Assassin's Creed Valhalla,0.8,39.99,68.27,2022-12,4,-7
108700,Death Rally,0.0,5.99,68.19,2012-08,5,-2
343360,Particula,0.0,1.74,67.94,2015-02,8,-6
441380,PAC-MAN‚Ñ¢ CHAMPIONSHIP EDITION 2,0.8,9.98,67.9,2016-09,6,-1
274230,RONIN,0.0,8.39,67.8,2015-06,1,-6
526160,The Wild Eight,0.85,11.99,67.66,2019-10,14,0
1078760,Motorcycle Mechanic Simulator 2021,0.0,20.99,67.53,2021-11,14,0
679110,Werewolf: The Apocalypse - Earthblood,0.9,6.99,67.46,2022-02,5,-2
395160,Toby: The Secret Mine,0.9,1.99,67.39,2015-10,9,-5
1163550,Captain Tsubasa: Rise of New Champions,0.0,34.48,67.29,2020-09,5,-2
458770,WRC 6 FIA World Rally Championship,0.9,2.89,67.19,2016-10,5,-2
575950,Blood Feed,0.0,1.74,67.02,2017-07,5,-2
606500,HellSign,0.0,12.91,66.97,2021-02,5,-2
485450,Ninja Stealth,0.0,1.74,66.94,2016-06,6,-8
1496790,Gotham Knights,0.0,59.8,66.81,2022-10,12,-2
1124300,HUMANKIND‚Ñ¢,0.0,39.75,66.57,2021-08,1,-6
1953520,WRC Generations ‚Äì The FIA WRC Official Game,0.65,26.42,66.44,2022-11,5,-2
302060,Trucks & Trailers,0.0,3.21,65.93,2011-06,8,-6
503820,A Detective's Novel,0.0,2.16,65.92,2016-07,13,-1
671510,DESOLATE,0.75,11.74,65.84,2019-01,14,0
1286880,Ship Graveyard Simulator,0.0,46.51,65.79,2021-11,-2,0
395570,We Are The Dwarves,0.0,17.26,65.5,2016-02,-3,0
439340,Tavern Tycoon - Dragon's Hangover,0.0,13.44,65.45,2019-03,5,-2
521340,True or False,0.0,4.42,65.38,2016-09,-2,0
502820,Batman‚Ñ¢: Arkham VR,0.0,22.49,65.3,2017-04,12,-2
865610,Tails Noir,0.0,14.79,65.29,2021-06,12,-2
610380,Ratty Catty,0.0,14.09,65.26,2017-07,14,0
946720,To The Rescue!,0.0,14.99,65.23,2021-11,14,0
380750,Anima: Gate of Memories,0.0,13.29,64.92,2016-06,-7,0
877360,18+,0.0,1.74,64.8,2018-07,12,-2
445310,Might and Magic: Heroes VII ‚Äì Trial by Fire,0.0,22.49,64.09,2016-08,9,-5
662960,Mysteria ~Occult Shadows~,0.0,8.39,64.04,2020-09,2,-12
871990,BattleRush 2,0.9,2.89,63.91,2018-10,14,0
1544020,The Callisto Protocol‚Ñ¢,0.7,48.6,63.65,2022-12,5,-2
904380,Vambrace: Cold Soul,0.0,11.09,63.51,2019-05,12,-2
1202650,Gift Girl,0.0,2.79,63.28,2020-03,11,-3
449220,A grande bagun√ßa espacial - The big space mess,0.0,1.74,62.86,2016-04,5,-2
1263070,Blightbound,0.0,23.99,62.84,2021-07,1,-6
305940,Project AURA,0.0,7.24,62.26,2018-04,4,-10
1342790,GangV | VR & PC Battle Royale,0.0,14.49,61.81,2021-04,14,0
619780,The Swords of Ditto: Mormo's Curse,0.0,9.39,61.55,2018-04,1,-6
1203930,The Last Haven,0.5,18.99,61.28,2023-02,14,0
1172050,COCKHEAD,0.0,5.79,60.85,2020-09,14,0
271860,Super Killer Hornet: Resurrection,0.0,2.62,60.78,2014-02,5,-2
229520,Dungeon Hearts,0.0,3.46,60.75,2013-03,1,-6
1531720,Need for Drive - Open World Multiplayer Racing,0.0,1.74,60.41,2021-02,14,0
526790,Monsti,0.0,1.74,60.39,2016-09,7,-7
248470,Doorways: Prelude,0.0,6.59,60.34,2013-09,5,-2
293180,Overcast - Walden and the Werewolf,0.0,1.74,60.11,2014-04,8,-6
1787820,Mirror Party,0.7,2.09,60.11,2021-12,2,-12
